author,author_detail,authors,content,credit,guidislink,id,link,links,media_content,media_credit,probability,published,published_parsed,summary,summary_detail,tags,title,title_detail
SCOTT SHANE,{'name': 'SCOTT SHANE'},[{'name': 'SCOTT SHANE'}],"[{'type': 'text/plain', 'language': None, 'base': 'http://rss.nytimes.com/services/xml/rss/nyt/HomePage.xml', 'value': 'Lookouts and radar operators on the destroyer Fitzgerald should have spotted the freighter it collided with, and the captain should have been wakened.'}]",Eugene Hoshiko/Associated Press,False,https://www.nytimes.com/2017/06/23/world/asia/destroyer-fitzgerald-collision.html,https://www.nytimes.com/2017/06/23/world/asia/destroyer-fitzgerald-collision.html?partner=rss&emc=rss,"[{'rel': 'alternate', 'type': 'text/html', 'href': 'https://www.nytimes.com/2017/06/23/world/asia/destroyer-fitzgerald-collision.html?partner=rss&emc=rss'}, {'rel': 'standout', 'href': 'https://www.nytimes.com/2017/06/23/world/asia/destroyer-fitzgerald-collision.html?partner=rss&emc=rss', 'type': 'text/html'}]","[{'url': 'https://static01.nyt.com/images/2017/06/24/world/24dc-ship1/24dc-ship1-moth.jpg', 'medium': 'image', 'height': '151', 'width': '151'}]",[{'content': 'Eugene Hoshiko/Associated Press'}],92.38%,"Fri, 23 Jun 2017 23:54:37 GMT","time.struct_time(tm_year=2017, tm_mon=6, tm_mday=23, tm_hour=23, tm_min=54, tm_sec=37, tm_wday=4, tm_yday=174, tm_isdst=0)","The Fitzgerald after its collision with the container ship ACX Crystal off the coast of Yokosuka, Japan.","{'type': 'text/html', 'language': None, 'base': 'http://rss.nytimes.com/services/xml/rss/nyt/HomePage.xml', 'value': 'The Fitzgerald after its collision with the container ship ACX Crystal off the coast of Yokosuka, Japan.'}","[{'term': 'United States Defense and Military Forces', 'scheme': 'http://www.nytimes.com/namespaces/keywords/des', 'label': None}, {'term': 'United States Navy', 'scheme': 'http://www.nytimes.com/namespaces/keywords/nyt_org_all', 'label': None}, {'term': 'Maritime Accidents and Safety', 'scheme': 'http://www.nytimes.com/namespaces/keywords/des', 'label': None}, {'term': 'Deaths (Fatalities)', 'scheme': 'http://www.nytimes.com/namespaces/keywords/mdes', 'label': None}, {'term': 'Japan', 'scheme': 'http://www.nytimes.com/namespaces/keywords/nyt_geo', 'label': None}]",Maritime Mystery: Why a U.S. Destroyer Failed to Dodge a Cargo Ship,"{'type': 'text/plain', 'language': None, 'base': 'http://rss.nytimes.com/services/xml/rss/nyt/HomePage.xml', 'value': 'Maritime Mystery: Why a U.S. Destroyer Failed to Dodge a Cargo Ship'}"
JENNIFER STEINHAUER,{'name': 'JENNIFER STEINHAUER'},[{'name': 'JENNIFER STEINHAUER'}],"[{'type': 'text/plain', 'language': None, 'base': 'http://rss.nytimes.com/services/xml/rss/nyt/HomePage.xml', 'value': 'Senator Dean Heller could be a swing vote on his party’s health care bill. His majority leader wants his help. His governor wants him to bring it down.'}]","Erik Verduzco/Las Vegas Review-Journal, via Associated Press",False,https://www.nytimes.com/2017/06/24/us/politics/senator-dean-heller-affordable-care-act.html,https://www.nytimes.com/2017/06/24/us/politics/senator-dean-heller-affordable-care-act.html?partner=rss&emc=rss,"[{'rel': 'alternate', 'type': 'text/html', 'href': 'https://www.nytimes.com/2017/06/24/us/politics/senator-dean-heller-affordable-care-act.html?partner=rss&emc=rss'}, {'rel': 'standout', 'href': 'https://www.nytimes.com/2017/06/24/us/politics/senator-dean-heller-affordable-care-act.html?partner=rss&emc=rss', 'type': 'text/html'}]","[{'url': 'https://static01.nyt.com/images/2017/06/25/us/25Heller/25Heller-moth.jpg', 'medium': 'image', 'height': '151', 'width': '151'}]","[{'content': 'Erik Verduzco/Las Vegas Review-Journal, via Associated Press'}]",21.68%,"Sat, 24 Jun 2017 16:10:53 GMT","time.struct_time(tm_year=2017, tm_mon=6, tm_mday=24, tm_hour=16, tm_min=10, tm_sec=53, tm_wday=5, tm_yday=175, tm_isdst=0)",Senator Dean Heller announcing last week that he opposed the Republican health care bill in its current form.,"{'type': 'text/html', 'language': None, 'base': 'http://rss.nytimes.com/services/xml/rss/nyt/HomePage.xml', 'value': 'Senator Dean Heller announcing last week that he opposed the Republican health care bill in its current form.'}","[{'term': 'Heller, Dean', 'scheme': 'http://www.nytimes.com/namespaces/keywords/nyt_per', 'label': None}, {'term': 'Patient Protection and Affordable Care Act (2010)', 'scheme': 'http://www.nytimes.com/namespaces/keywords/mdes', 'label': None}, {'term': 'Senate', 'scheme': 'http://www.nytimes.com/namespaces/keywords/nyt_org_all', 'label': None}, {'term': 'Republican Party', 'scheme': 'http://www.nytimes.com/namespaces/keywords/nyt_org_all', 'label': None}, {'term': 'Sandoval, Brian', 'scheme': 'http://www.nytimes.com/namespaces/keywords/nyt_per', 'label': None}, {'term': 'United States Politics and Government', 'scheme': 'http://www.nytimes.com/namespaces/keywords/des', 'label': None}]",Health Law Repeal Leaves Nevada Republican Torn Between Lawmakers,"{'type': 'text/plain', 'language': None, 'base': 'http://rss.nytimes.com/services/xml/rss/nyt/HomePage.xml', 'value': 'Health Law Repeal Leaves Nevada Republican Torn Between Lawmakers'}"
JORDAN RAU,{'name': 'JORDAN RAU'},[{'name': 'JORDAN RAU'}],"[{'type': 'text/plain', 'language': None, 'base': 'http://rss.nytimes.com/services/xml/rss/nyt/HomePage.xml', 'value': 'Medicaid, targeted for deep cuts by the Republican health care bill, currently pays for most of the 1.4 million people in nursing homes.'}]",Khue Bui for The New York Times,False,https://www.nytimes.com/2017/06/24/science/medicaid-cutbacks-elderly-nursing-homes.html,https://www.nytimes.com/2017/06/24/science/medicaid-cutbacks-elderly-nursing-homes.html?partner=rss&emc=rss,"[{'rel': 'alternate', 'type': 'text/html', 'href': 'https://www.nytimes.com/2017/06/24/science/medicaid-cutbacks-elderly-nursing-homes.html?partner=rss&emc=rss'}, {'rel': 'standout', 'href': 'https://www.nytimes.com/2017/06/24/science/medicaid-cutbacks-elderly-nursing-homes.html?partner=rss&emc=rss', 'type': 'text/html'}]","[{'url': 'https://static01.nyt.com/images/2017/06/25/us/25NURSINGHOME1/24NURSINGHOME5-moth.jpg', 'medium': 'image', 'height': '151', 'width': '151'}]",[{'content': 'Khue Bui for The New York Times'}],32.87%,"Sat, 24 Jun 2017 20:18:09 GMT","time.struct_time(tm_year=2017, tm_mon=6, tm_mday=24, tm_hour=20, tm_min=18, tm_sec=9, tm_wday=5, tm_yday=175, tm_isdst=0)","Alice Jacobs, a Dogwood Village resident, depends on Medicaid for her nursing home care, having exhausted all of her savings.","{'type': 'text/html', 'language': None, 'base': 'http://rss.nytimes.com/services/xml/rss/nyt/HomePage.xml', 'value': 'Alice Jacobs, a Dogwood Village resident, depends on Medicaid for her nursing home care, having exhausted all of her savings.'}","[{'term': 'Medicaid', 'scheme': 'http://www.nytimes.com/namespaces/keywords/des', 'label': None}, {'term': 'Nursing Homes', 'scheme': 'http://www.nytimes.com/namespaces/keywords/des', 'label': None}, {'term': 'Health Insurance and Managed Care', 'scheme': 'http://www.nytimes.com/namespaces/keywords/des', 'label': None}, {'term': 'Elder Care', 'scheme': 'http://www.nytimes.com/namespaces/keywords/mdes', 'label': None}, {'term': 'Law and Legislation', 'scheme': 'http://www.nytimes.com/namespaces/keywords/mdes', 'label': None}, {'term': 'Patient Protection and Affordable Care Act (2010)', 'scheme': 'http://www.nytimes.com/namespaces/keywords/mdes', 'label': None}]",Medicaid Cuts May Force Retirees Out of Nursing Homes,"{'type': 'text/plain', 'language': None, 'base': 'http://rss.nytimes.com/services/xml/rss/nyt/HomePage.xml', 'value': 'Medicaid Cuts May Force Retirees Out of Nursing Homes'}"
STEVEN ERLANGER,{'name': 'STEVEN ERLANGER'},[{'name': 'STEVEN ERLANGER'}],"[{'type': 'text/plain', 'language': None, 'base': 'http://rss.nytimes.com/services/xml/rss/nyt/HomePage.xml', 'value': 'Hackers targeted the British Parliament, leaving many legislators unable to access their emails on Saturday, officials said.'}]",Arthur Edwards/Agence France-Presse — Getty Images,False,https://www.nytimes.com/2017/06/24/world/europe/british-parliament-cyberattack-hacking-london.html,https://www.nytimes.com/2017/06/24/world/europe/british-parliament-cyberattack-hacking-london.html?partner=rss&emc=rss,"[{'rel': 'alternate', 'type': 'text/html', 'href': 'https://www.nytimes.com/2017/06/24/world/europe/british-parliament-cyberattack-hacking-london.html?partner=rss&emc=rss'}, {'rel': 'standout', 'href': 'https://www.nytimes.com/2017/06/24/world/europe/british-parliament-cyberattack-hacking-london.html?partner=rss&emc=rss', 'type': 'text/html'}]","[{'url': 'https://static01.nyt.com/images/2017/06/25/world/25hack-britain/25hack-britain-moth.jpg', 'medium': 'image', 'height': '151', 'width': '151'}]",[{'content': 'Arthur Edwards/Agence France-Presse — Getty Images'}],19.22%,"Sat, 24 Jun 2017 18:17:28 GMT","time.struct_time(tm_year=2017, tm_mon=6, tm_mday=24, tm_hour=18, tm_min=17, tm_sec=28, tm_wday=5, tm_yday=175, tm_isdst=0)",Britain’s Queen Elizabeth II with Prince Charles in the House of Lords on Wednesday.,"{'type': 'text/html', 'language': None, 'base': 'http://rss.nytimes.com/services/xml/rss/nyt/HomePage.xml', 'value': 'Britain’s Queen Elizabeth II with Prince Charles in the House of Lords on Wednesday.'}","[{'term': 'Cyberwarfare and Defense', 'scheme': 'http://www.nytimes.com/namespaces/keywords/des', 'label': None}, {'term': 'Computer Security', 'scheme': 'http://www.nytimes.com/namespaces/keywords/mdes', 'label': None}, {'term': 'House of Commons (Great Britain)', 'scheme': 'http://www.nytimes.com/namespaces/keywords/nyt_org_all', 'label': None}, {'term': 'House of Lords (Great Britain)', 'scheme': 'http://www.nytimes.com/namespaces/keywords/nyt_org_all', 'label': None}, {'term': 'London (England)', 'scheme': 'http://www.nytimes.com/namespaces/keywords/nyt_geo', 'label': None}]","British Parliament Hit by Cyberattack, Affecting Email Access","{'type': 'text/plain', 'language': None, 'base': 'http://rss.nytimes.com/services/xml/rss/nyt/HomePage.xml', 'value': 'British Parliament Hit by Cyberattack, Affecting Email Access'}"
CHRIS BUCKLEY and JAVIER C. HERNÁNDEZ,{'name': 'CHRIS BUCKLEY and JAVIER C. HERNÁNDEZ'},[{'name': 'CHRIS BUCKLEY and JAVIER C. HERNÁNDEZ'}],"[{'type': 'text/plain', 'language': None, 'base': 'http://rss.nytimes.com/services/xml/rss/nyt/HomePage.xml', 'value': 'Rescue workers searched for survivors after a landslide in the southwestern province of Sichuan, a region of brittle, unstable mountains, but said their chances were slim.'}]","He Qinghai/Xinhua, via Associated Press",False,https://www.nytimes.com/2017/06/24/world/asia/china-landslide-sichuan-province.html,https://www.nytimes.com/2017/06/24/world/asia/china-landslide-sichuan-province.html?partner=rss&emc=rss,"[{'rel': 'alternate', 'type': 'text/html', 'href': 'https://www.nytimes.com/2017/06/24/world/asia/china-landslide-sichuan-province.html?partner=rss&emc=rss'}, {'rel': 'standout', 'href': 'https://www.nytimes.com/2017/06/24/world/asia/china-landslide-sichuan-province.html?partner=rss&emc=rss', 'type': 'text/html'}]","[{'url': 'https://static01.nyt.com/images/2017/06/25/world/25china-slide/25china-slide-moth.jpg', 'medium': 'image', 'height': '151', 'width': '151'}]","[{'content': 'He Qinghai/Xinhua, via Associated Press'}]",23.93%,"Sat, 24 Jun 2017 15:51:27 GMT","time.struct_time(tm_year=2017, tm_mon=6, tm_mday=24, tm_hour=15, tm_min=51, tm_sec=27, tm_wday=5, tm_yday=175, tm_isdst=0)",Rescuers worked at the site of a landslide in Xinmo village in Mao County in southwestern China’s Sichuan Province on Saturday.,"{'type': 'text/html', 'language': None, 'base': 'http://rss.nytimes.com/services/xml/rss/nyt/HomePage.xml', 'value': 'Rescuers worked at the site of a landslide in Xinmo village in Mao County in southwestern China’s Sichuan Province on Saturday.'}","[{'term': 'vis-photo', 'scheme': 'http://www.nytimes.com/namespaces/keywords/des', 'label': None}, {'term': 'China', 'scheme': 'http://www.nytimes.com/namespaces/keywords/nyt_geo', 'label': None}, {'term': 'Landslides and Mudslides', 'scheme': 'http://www.nytimes.com/namespaces/keywords/des', 'label': None}, {'term': 'Deaths (Fatalities)', 'scheme': 'http://www.nytimes.com/namespaces/keywords/des', 'label': None}]",Hopes Fade After Landslide Destroys Chinese Village,"{'type': 'text/plain', 'language': None, 'base': 'http://rss.nytimes.com/services/xml/rss/nyt/HomePage.xml', 'value': 'Hopes Fade After Landslide Destroys Chinese Village'}"
,,[{}],,,False,https://www.nytimes.com/video/us/100000005181340/philando-castile-diamond-reynolds-and-a-nightmare-caught-on-video.html,https://www.nytimes.com/video/us/100000005181340/philando-castile-diamond-reynolds-and-a-nightmare-caught-on-video.html?partner=rss&emc=rss,"[{'rel': 'alternate', 'type': 'text/html', 'href': 'https://www.nytimes.com/video/us/100000005181340/philando-castile-diamond-reynolds-and-a-nightmare-caught-on-video.html?partner=rss&emc=rss'}]",,,61.1%,"Sat, 24 Jun 2017 01:25:26 GMT","time.struct_time(tm_year=2017, tm_mon=6, tm_mday=24, tm_hour=1, tm_min=25, tm_sec=26, tm_wday=5, tm_yday=175, tm_isdst=0)","When Philando Castile was fatally shot by a police officer, the traumatic events were captured by police and security cameras, and his girlfriend's smartphone.","{'type': 'text/html', 'language': None, 'base': 'http://rss.nytimes.com/services/xml/rss/nyt/HomePage.xml', 'value': ""When Philando Castile was fatally shot by a police officer, the traumatic events were captured by police and security cameras, and his girlfriend's smartphone.""}","[{'term': 'Reynolds, Diamond (1989- )', 'scheme': 'http://www.nytimes.com/namespaces/nyt_per', 'label': None}, {'term': 'Castile, Philando (1983-2016)', 'scheme': 'http://www.nytimes.com/namespaces/nyt_per', 'label': None}, {'term': 'Police Brutality, Misconduct and Shootings', 'scheme': 'http://www.nytimes.com/namespaces/des', 'label': None}, {'term': 'Yanez, Jeronimo (1988- )', 'scheme': 'http://www.nytimes.com/namespaces/nyt_per', 'label': None}, {'term': 'Minnesota', 'scheme': 'http://www.nytimes.com/namespaces/nyt_geo', 'label': None}, {'term': 'Video Recordings, Downloads and Streaming', 'scheme': 'http://www.nytimes.com/namespaces/des', 'label': None}]","Philando Castile, Diamond Reynolds and a Nightmare Caught on Video","{'type': 'text/plain', 'language': None, 'base': 'http://rss.nytimes.com/services/xml/rss/nyt/HomePage.xml', 'value': 'Philando Castile, Diamond Reynolds and a Nightmare Caught on Video'}"
JESS BIDGOOD and RICHARD PÉREZ-PEÑA,{'name': 'JESS BIDGOOD and RICHARD PÉREZ-PEÑA'},[{'name': 'JESS BIDGOOD and RICHARD PÉREZ-PEÑA'}],"[{'type': 'text/plain', 'language': None, 'base': 'http://rss.nytimes.com/services/xml/rss/nyt/HomePage.xml', 'value': 'It was a second hung jury for Ray Tensing, the ex-officer charged in the death of Samuel DuBose during a botched traffic stop in 2015 in Cincinnati.'}]",Pool photo by Cara Owsley,False,https://www.nytimes.com/2017/06/23/us/raymond-tensing-samuel-dubose-cincinnati.html,https://www.nytimes.com/2017/06/23/us/raymond-tensing-samuel-dubose-cincinnati.html?partner=rss&emc=rss,"[{'rel': 'alternate', 'type': 'text/html', 'href': 'https://www.nytimes.com/2017/06/23/us/raymond-tensing-samuel-dubose-cincinnati.html?partner=rss&emc=rss'}, {'rel': 'standout', 'href': 'https://www.nytimes.com/2017/06/23/us/raymond-tensing-samuel-dubose-cincinnati.html?partner=rss&emc=rss', 'type': 'text/html'}]","[{'url': 'https://static01.nyt.com/images/2017/06/21/us/00cincinnati/00cincinnati-moth.jpg', 'medium': 'image', 'height': '151', 'width': '151'}]",[{'content': 'Pool photo by Cara Owsley'}],96.78%,"Sat, 24 Jun 2017 00:29:14 GMT","time.struct_time(tm_year=2017, tm_mon=6, tm_mday=24, tm_hour=0, tm_min=29, tm_sec=14, tm_wday=5, tm_yday=175, tm_isdst=0)","Ray Tensing, left, a former University of Cincinnati police officer, during his retrial in the fatal shooting of a black man, Samuel DuBose.","{'type': 'text/html', 'language': None, 'base': 'http://rss.nytimes.com/services/xml/rss/nyt/HomePage.xml', 'value': 'Ray Tensing, left, a former University of Cincinnati police officer, during his retrial in the fatal shooting of a black man, Samuel DuBose.'}","[{'term': 'Tensing, Ray (1989- )', 'scheme': 'http://www.nytimes.com/namespaces/keywords/nyt_per', 'label': None}, {'term': 'Dubose, Samuel (1972-2015)', 'scheme': 'http://www.nytimes.com/namespaces/keywords/nyt_per', 'label': None}, {'term': 'Cincinnati (Ohio)', 'scheme': 'http://www.nytimes.com/namespaces/keywords/nyt_geo', 'label': None}, {'term': 'Police Brutality, Misconduct and Shootings', 'scheme': 'http://www.nytimes.com/namespaces/keywords/des', 'label': None}, {'term': 'Murders, Attempted Murders and Homicides', 'scheme': 'http://www.nytimes.com/namespaces/keywords/des', 'label': None}]",Mistrial in Cincinnati Shooting as Officer Is Latest Not to Be Convicted,"{'type': 'text/plain', 'language': None, 'base': 'http://rss.nytimes.com/services/xml/rss/nyt/HomePage.xml', 'value': 'Mistrial in Cincinnati Shooting as Officer Is Latest Not to Be Convicted'}"
REUTERS,{'name': 'REUTERS'},[{'name': 'REUTERS'}],"[{'type': 'text/plain', 'language': None, 'base': 'http://rss.nytimes.com/services/xml/rss/nyt/HomePage.xml', 'value': 'President Abdel Fattah el-Sisi ratified an agreement that cedes sovereignty over two Red Sea islands, brushing off widespread public criticism.'}]",Khaled Elfiqi/European Pressphoto Agency,False,https://www.nytimes.com/2017/06/24/world/middleeast/egypt-abdel-fattah-el-sisi-tiran-sanafir.html,https://www.nytimes.com/2017/06/24/world/middleeast/egypt-abdel-fattah-el-sisi-tiran-sanafir.html?partner=rss&emc=rss,"[{'rel': 'alternate', 'type': 'text/html', 'href': 'https://www.nytimes.com/2017/06/24/world/middleeast/egypt-abdel-fattah-el-sisi-tiran-sanafir.html?partner=rss&emc=rss'}, {'rel': 'standout', 'href': 'https://www.nytimes.com/2017/06/24/world/middleeast/egypt-abdel-fattah-el-sisi-tiran-sanafir.html?partner=rss&emc=rss', 'type': 'text/html'}]","[{'url': 'https://static01.nyt.com/images/2017/06/25/world/25egypt/25egypt-moth.jpg', 'medium': 'image', 'height': '151', 'width': '151'}]",[{'content': 'Khaled Elfiqi/European Pressphoto Agency'}],13.35%,"Sun, 25 Jun 2017 00:35:00 GMT","time.struct_time(tm_year=2017, tm_mon=6, tm_mday=25, tm_hour=0, tm_min=35, tm_sec=0, tm_wday=6, tm_yday=176, tm_isdst=0)",Protesters demonstrated in Cairo this month against a deal to cede two Red Sea islands to Saudi Arabia.,"{'type': 'text/html', 'language': None, 'base': 'http://rss.nytimes.com/services/xml/rss/nyt/HomePage.xml', 'value': 'Protesters demonstrated in Cairo this month against a deal to cede two Red Sea islands to Saudi Arabia.'}","[{'term': 'Egypt', 'scheme': 'http://www.nytimes.com/namespaces/keywords/nyt_geo', 'label': None}, {'term': 'Sisi, Abdel Fattah el-', 'scheme': 'http://www.nytimes.com/namespaces/keywords/nyt_per', 'label': None}, {'term': 'Middle East and North Africa Unrest (2010- )', 'scheme': 'http://www.nytimes.com/namespaces/keywords/des', 'label': None}, {'term': 'Red Sea', 'scheme': 'http://www.nytimes.com/namespaces/keywords/nyt_geo', 'label': None}, {'term': 'Saudi Arabia', 'scheme': 'http://www.nytimes.com/namespaces/keywords/nyt_geo', 'label': None}, {'term': 'Demonstrations, Protests and Riots', 'scheme': 'http://www.nytimes.com/namespaces/keywords/des', 'label': None}]",Egyptian President Agrees to Cede 2 Islands to Saudi Arabia,"{'type': 'text/plain', 'language': None, 'base': 'http://rss.nytimes.com/services/xml/rss/nyt/HomePage.xml', 'value': 'Egyptian President Agrees to Cede 2 Islands to Saudi Arabia'}"
THE ASSOCIATED PRESS,{'name': 'THE ASSOCIATED PRESS'},[{'name': 'THE ASSOCIATED PRESS'}],"[{'type': 'text/plain', 'language': None, 'base': 'http://rss.nytimes.com/services/xml/rss/nyt/HomePage.xml', 'value': 'The justice minister said 672 people were released from prison, including some who had supported the insurgency against the Syrian government.'}]",Sana/Reuters,False,https://www.nytimes.com/2017/06/24/world/middleeast/syria-detainees-released-eid.html,https://www.nytimes.com/2017/06/24/world/middleeast/syria-detainees-released-eid.html?partner=rss&emc=rss,"[{'rel': 'alternate', 'type': 'text/html', 'href': 'https://www.nytimes.com/2017/06/24/world/middleeast/syria-detainees-released-eid.html?partner=rss&emc=rss'}, {'rel': 'standout', 'href': 'https://www.nytimes.com/2017/06/24/world/middleeast/syria-detainees-released-eid.html?partner=rss&emc=rss', 'type': 'text/html'}]","[{'url': 'https://static01.nyt.com/images/2017/06/25/world/25syria/25syria-moth.jpg', 'medium': 'image', 'height': '151', 'width': '151'}]",[{'content': 'Sana/Reuters'}],56.33%,"Sat, 24 Jun 2017 19:23:36 GMT","time.struct_time(tm_year=2017, tm_mon=6, tm_mday=24, tm_hour=19, tm_min=23, tm_sec=36, tm_wday=5, tm_yday=175, tm_isdst=0)",Prisoners waited at the Baath Party offices in Damascus before their release on Saturday.,"{'type': 'text/html', 'language': None, 'base': 'http://rss.nytimes.com/services/xml/rss/nyt/HomePage.xml', 'value': 'Prisoners waited at the Baath Party offices in Damascus before their release on Saturday.'}","[{'term': 'Syria', 'scheme': 'http://www.nytimes.com/namespaces/keywords/nyt_geo', 'label': None}, {'term': 'Assad, Bashar al-', 'scheme': 'http://www.nytimes.com/namespaces/keywords/nyt_per', 'label': None}, {'term': 'Detainees', 'scheme': 'http://www.nytimes.com/namespaces/keywords/mdes', 'label': None}]",Syria Frees Hundreds of Detainees Ahead of Muslim Holiday,"{'type': 'text/plain', 'language': None, 'base': 'http://rss.nytimes.com/services/xml/rss/nyt/HomePage.xml', 'value': 'Syria Frees Hundreds of Detainees Ahead of Muslim Holiday'}"
CHOE SANG-HUN,{'name': 'CHOE SANG-HUN'},[{'name': 'CHOE SANG-HUN'}],"[{'type': 'text/plain', 'language': None, 'base': 'http://rss.nytimes.com/services/xml/rss/nyt/HomePage.xml', 'value': 'If the North and the South form a team for the Winter Games next year, it would be a major milestone in inter-Korean relations.'}]","Kim Ju-Hyoung/Yonhap, via Associated Press",False,https://www.nytimes.com/2017/06/24/world/asia/korea-joint-winter-olympics.html,https://www.nytimes.com/2017/06/24/world/asia/korea-joint-winter-olympics.html?partner=rss&emc=rss,"[{'rel': 'alternate', 'type': 'text/html', 'href': 'https://www.nytimes.com/2017/06/24/world/asia/korea-joint-winter-olympics.html?partner=rss&emc=rss'}, {'rel': 'standout', 'href': 'https://www.nytimes.com/2017/06/24/world/asia/korea-joint-winter-olympics.html?partner=rss&emc=rss', 'type': 'text/html'}]","[{'url': 'https://static01.nyt.com/images/2017/06/24/world/asia/korea-img/korea-img-moth.jpg', 'medium': 'image', 'height': '151', 'width': '151'}]","[{'content': 'Kim Ju-Hyoung/Yonhap, via Associated Press'}]",31.23%,"Sat, 24 Jun 2017 12:31:38 GMT","time.struct_time(tm_year=2017, tm_mon=6, tm_mday=24, tm_hour=12, tm_min=31, tm_sec=38, tm_wday=5, tm_yday=175, tm_isdst=0)","President Moon Jae-in, left, greeted the North Korean delegation during the opening ceremony of the World Taekwondo championship in Muju, South Korea, on Saturday.","{'type': 'text/html', 'language': None, 'base': 'http://rss.nytimes.com/services/xml/rss/nyt/HomePage.xml', 'value': 'President Moon Jae-in, left, greeted the North Korean delegation during the opening ceremony of the World Taekwondo championship in Muju, South Korea, on Saturday.'}","[{'term': 'South Korea', 'scheme': 'http://www.nytimes.com/namespaces/keywords/nyt_geo', 'label': None}, {'term': 'North Korea', 'scheme': 'http://www.nytimes.com/namespaces/keywords/nyt_geo', 'label': None}, {'term': 'Olympic Games (2018)', 'scheme': 'http://www.nytimes.com/namespaces/keywords/des', 'label': None}, {'term': 'Politics and Government', 'scheme': 'http://www.nytimes.com/namespaces/keywords/des', 'label': None}, {'term': 'International Relations', 'scheme': 'http://www.nytimes.com/namespaces/keywords/des', 'label': None}, {'term': 'Pyeongchang (South Korea)', 'scheme': 'http://www.nytimes.com/namespaces/keywords/nyt_geo', 'label': None}, {'term': 'Moon Jae-in', 'scheme': 'http://www.nytimes.com/namespaces/keywords/nyt_per', 'label': None}]",South Korea Leader Hopes for Unified Olympic Team With the North,"{'type': 'text/plain', 'language': None, 'base': 'http://rss.nytimes.com/services/xml/rss/nyt/HomePage.xml', 'value': 'South Korea Leader Hopes for Unified Olympic Team With the North'}"
REUTERS,{'name': 'REUTERS'},[{'name': 'REUTERS'}],,,False,https://www.nytimes.com/reuters/2017/06/24/sports/rugby/24reuters-rugby-union-lions.html,https://www.nytimes.com/reuters/2017/06/24/sports/rugby/24reuters-rugby-union-lions.html?partner=rss&emc=rss,"[{'rel': 'alternate', 'type': 'text/html', 'href': 'https://www.nytimes.com/reuters/2017/06/24/sports/rugby/24reuters-rugby-union-lions.html?partner=rss&emc=rss'}]",,,38.78%,"Sat, 24 Jun 2017 10:09:28 GMT","time.struct_time(tm_year=2017, tm_mon=6, tm_mday=24, tm_hour=10, tm_min=9, tm_sec=28, tm_wday=5, tm_yday=175, tm_isdst=0)",New Zealand winger Rieko Ioane scored two tries as the All Blacks faced down a spirited British and Irish Lions challenge 30-15 at Eden Park on Saturday to take a 1-0 lead in the three-test series.,"{'type': 'text/html', 'language': None, 'base': 'http://rss.nytimes.com/services/xml/rss/nyt/HomePage.xml', 'value': 'New Zealand winger Rieko Ioane scored two tries as the All Blacks faced down a spirited British and Irish Lions challenge 30-15 at Eden Park on Saturday to take a 1-0 lead in the three-test series.'}",,All Blacks Face Down Lions Challenge to Win First Test,"{'type': 'text/plain', 'language': None, 'base': 'http://rss.nytimes.com/services/xml/rss/nyt/HomePage.xml', 'value': 'All Blacks Face Down Lions Challenge to Win First Test'}"
,,[{}],,,False,https://www.nytimes.com/video/travel/100000004909163/52-places-to-go-sikkim-india.html,https://www.nytimes.com/video/travel/100000004909163/52-places-to-go-sikkim-india.html?partner=rss&emc=rss,"[{'rel': 'alternate', 'type': 'text/html', 'href': 'https://www.nytimes.com/video/travel/100000004909163/52-places-to-go-sikkim-india.html?partner=rss&emc=rss'}]",,,24.13%,"Sat, 24 Jun 2017 14:47:21 GMT","time.struct_time(tm_year=2017, tm_mon=6, tm_mday=24, tm_hour=14, tm_min=47, tm_sec=21, tm_wday=5, tm_yday=175, tm_isdst=0)","In the far reaches of northeastern India, Buddhist monks chant and pace through rare funeral customs for a revered teacher.","{'type': 'text/html', 'language': None, 'base': 'http://rss.nytimes.com/services/xml/rss/nyt/HomePage.xml', 'value': 'In the far reaches of northeastern India, Buddhist monks chant and pace through rare funeral customs for a revered teacher.'}","[{'term': 'Sikkim (India)', 'scheme': 'http://www.nytimes.com/namespaces/nyt_geo', 'label': None}, {'term': 'Monasteries and Monks', 'scheme': 'http://www.nytimes.com/namespaces/des', 'label': None}]","52 Places to Go: Sikkim, India","{'type': 'text/plain', 'language': None, 'base': 'http://rss.nytimes.com/services/xml/rss/nyt/HomePage.xml', 'value': '52 Places to Go: Sikkim, India'}"
,,[{}],,,False,http://www.nytimes.com/crosswords/game/mini,http://www.nytimes.com/crosswords/game/mini?partner=rss&emc=rss,"[{'rel': 'alternate', 'type': 'text/html', 'href': 'http://www.nytimes.com/crosswords/game/mini?partner=rss&emc=rss'}, {'rel': 'standout', 'href': 'http://www.nytimes.com/crosswords/game/mini?partner=rss&emc=rss', 'type': 'text/html'}]",,,64.08%,"Tue, 14 Mar 2017 22:01:11 GMT","time.struct_time(tm_year=2017, tm_mon=3, tm_mday=14, tm_hour=22, tm_min=1, tm_sec=11, tm_wday=1, tm_yday=73, tm_isdst=0)",Solve a bite-size crossword in just a few minutes.,"{'type': 'text/html', 'language': None, 'base': 'http://rss.nytimes.com/services/xml/rss/nyt/HomePage.xml', 'value': 'Solve a bite-size crossword in just a few minutes.'}",,Your Daily Mini Crossword,"{'type': 'text/plain', 'language': None, 'base': 'http://rss.nytimes.com/services/xml/rss/nyt/HomePage.xml', 'value': 'Your Daily Mini Crossword'}"
"DAVID D. KIRKPATRICK, DANNY HAKIM and JAMES GLANZ","{'name': 'DAVID D. KIRKPATRICK, DANNY HAKIM and JAMES GLANZ'}","[{'name': 'DAVID D. KIRKPATRICK, DANNY HAKIM and JAMES GLANZ'}]","[{'type': 'text/plain', 'language': None, 'base': 'http://rss.nytimes.com/services/xml/rss/nyt/HomePage.xml', 'value': 'The incineration of the 24-story London high rise, the deadliest fire in Britain in more than a century, was rooted in a regulatory breakdown.'}]",Toby Melville/Reuters,False,https://www.nytimes.com/2017/06/24/world/europe/grenfell-tower-london-fire.html,https://www.nytimes.com/2017/06/24/world/europe/grenfell-tower-london-fire.html?partner=rss&emc=rss,"[{'rel': 'alternate', 'type': 'text/html', 'href': 'https://www.nytimes.com/2017/06/24/world/europe/grenfell-tower-london-fire.html?partner=rss&emc=rss'}, {'rel': 'standout', 'href': 'https://www.nytimes.com/2017/06/24/world/europe/grenfell-tower-london-fire.html?partner=rss&emc=rss', 'type': 'text/html'}]","[{'url': 'https://static01.nyt.com/images/2017/06/24/world/25London-fire1/25London-fire1-moth.jpg', 'medium': 'image', 'height': '151', 'width': '151'}]",[{'content': 'Toby Melville/Reuters'}],14.84%,"Sat, 24 Jun 2017 12:53:56 GMT","time.struct_time(tm_year=2017, tm_mon=6, tm_mday=24, tm_hour=12, tm_min=53, tm_sec=56, tm_wday=5, tm_yday=175, tm_isdst=0)","Flames and smoke engulfed Grenfell Tower in London this month, resulting in at least 79 deaths.","{'type': 'text/html', 'language': None, 'base': 'http://rss.nytimes.com/services/xml/rss/nyt/HomePage.xml', 'value': 'Flames and smoke engulfed Grenfell Tower in London this month, resulting in at least 79 deaths.'}","[{'term': 'Grenfell Tower Fire (June, 2017)', 'scheme': 'http://www.nytimes.com/namespaces/keywords/des', 'label': None}, {'term': 'Fires and Firefighters', 'scheme': 'http://www.nytimes.com/namespaces/keywords/des', 'label': None}, {'term': 'Engineering and Engineers', 'scheme': 'http://www.nytimes.com/namespaces/keywords/mdes', 'label': None}, {'term': 'Public and Subsidized Housing', 'scheme': 'http://www.nytimes.com/namespaces/keywords/mdes', 'label': None}, {'term': 'Buildings (Structures)', 'scheme': 'http://www.nytimes.com/namespaces/keywords/mdes', 'label': None}, {'term': 'Accidents and Safety', 'scheme': 'http://www.nytimes.com/namespaces/keywords/des', 'label': None}, {'term': 'Cameron, David', 'scheme': 'http://www.nytimes.com/namespaces/keywords/nyt_per', 'label': None}, {'term': 'London (England)', 'scheme': 'http://www.nytimes.com/namespaces/keywords/nyt_geo', 'label': None}, {'term': 'Regulation and Deregulation of Industry', 'scheme': 'http://www.nytimes.com/namespaces/keywords/des', 'label': None}]",Why Grenfell Tower Burned: Regulators Put Cost Before Safety,"{'type': 'text/plain', 'language': None, 'base': 'http://rss.nytimes.com/services/xml/rss/nyt/HomePage.xml', 'value': 'Why Grenfell Tower Burned: Regulators Put Cost Before Safety'}"
STEPHEN CASTLE,{'name': 'STEPHEN CASTLE'},[{'name': 'STEPHEN CASTLE'}],"[{'type': 'text/plain', 'language': None, 'base': 'http://rss.nytimes.com/services/xml/rss/nyt/HomePage.xml', 'value': 'Some residents are refusing to leave their homes after they were ordered out for fear their buildings have hazardous cladding.'}]",Tolga Akmen/European Pressphoto Agency,False,https://www.nytimes.com/2017/06/24/world/europe/london-tower-fire-evacuation.html,https://www.nytimes.com/2017/06/24/world/europe/london-tower-fire-evacuation.html?partner=rss&emc=rss,"[{'rel': 'alternate', 'type': 'text/html', 'href': 'https://www.nytimes.com/2017/06/24/world/europe/london-tower-fire-evacuation.html?partner=rss&emc=rss'}, {'rel': 'standout', 'href': 'https://www.nytimes.com/2017/06/24/world/europe/london-tower-fire-evacuation.html?partner=rss&emc=rss', 'type': 'text/html'}]","[{'url': 'https://static01.nyt.com/images/2017/06/24/world/europe/evac-img/evac-img-moth.jpg', 'medium': 'image', 'height': '151', 'width': '151'}]",[{'content': 'Tolga Akmen/European Pressphoto Agency'}],69.53%,"Sat, 24 Jun 2017 15:34:43 GMT","time.struct_time(tm_year=2017, tm_mon=6, tm_mday=24, tm_hour=15, tm_min=34, tm_sec=43, tm_wday=5, tm_yday=175, tm_isdst=0)",Residents of the Chalcots Estate tower blocks waited at the Swiss Cottage Leisure Center and Library in the Camden area of London on Friday night to get temporary accommodations.,"{'type': 'text/html', 'language': None, 'base': 'http://rss.nytimes.com/services/xml/rss/nyt/HomePage.xml', 'value': 'Residents of the Chalcots Estate tower blocks waited at the Swiss Cottage Leisure Center and Library in the Camden area of London on Friday night to get temporary accommodations.'}","[{'term': 'Grenfell Tower Fire (June, 2017)', 'scheme': 'http://www.nytimes.com/namespaces/keywords/des', 'label': None}, {'term': 'Fires and Firefighters', 'scheme': 'http://www.nytimes.com/namespaces/keywords/mdes', 'label': None}, {'term': 'Evacuations and Evacuees', 'scheme': 'http://www.nytimes.com/namespaces/keywords/mdes', 'label': None}, {'term': 'London (England)', 'scheme': 'http://www.nytimes.com/namespaces/keywords/nyt_geo', 'label': None}, {'term': 'Deaths (Fatalities)', 'scheme': 'http://www.nytimes.com/namespaces/keywords/des', 'label': None}, {'term': 'Grenfell Tower (London, England)', 'scheme': 'http://www.nytimes.com/namespaces/keywords/nyt_org_all', 'label': None}]",‘This Is Appalling’: Evacuated London Residents Try to Cope,"{'type': 'text/plain', 'language': None, 'base': 'http://rss.nytimes.com/services/xml/rss/nyt/HomePage.xml', 'value': '‘This Is Appalling’: Evacuated London Residents Try to Cope'}"
RACHEL ABRAMS,{'name': 'RACHEL ABRAMS'},[{'name': 'RACHEL ABRAMS'}],"[{'type': 'text/plain', 'language': None, 'base': 'http://rss.nytimes.com/services/xml/rss/nyt/HomePage.xml', 'value': 'Bananas can’t get cold. Milk mustn’t tip. Online food delivery still trips up companies. A day on the truck shows why.'}]",Bryan Anselm for The New York Times,False,https://www.nytimes.com/2017/06/24/business/a-street-fight-among-grocers-to-deliver-your-milk-eggs-bananas.html,https://www.nytimes.com/2017/06/24/business/a-street-fight-among-grocers-to-deliver-your-milk-eggs-bananas.html?partner=rss&emc=rss,"[{'rel': 'alternate', 'type': 'text/html', 'href': 'https://www.nytimes.com/2017/06/24/business/a-street-fight-among-grocers-to-deliver-your-milk-eggs-bananas.html?partner=rss&emc=rss'}, {'rel': 'standout', 'href': 'https://www.nytimes.com/2017/06/24/business/a-street-fight-among-grocers-to-deliver-your-milk-eggs-bananas.html?partner=rss&emc=rss', 'type': 'text/html'}]","[{'url': 'https://static01.nyt.com/images/2017/06/25/business/25LASTMILE1-WEB/25LASTMILE1-WEB-moth-v2.jpg', 'medium': 'image', 'height': '151', 'width': '151'}]",[{'content': 'Bryan Anselm for The New York Times'}],12.08%,"Sat, 24 Jun 2017 09:00:27 GMT","time.struct_time(tm_year=2017, tm_mon=6, tm_mday=24, tm_hour=9, tm_min=0, tm_sec=27, tm_wday=5, tm_yday=175, tm_isdst=0)",The Peapod driver Sinclair Browne carries a delivery order to a customer on the Upper East Side.,"{'type': 'text/html', 'language': None, 'base': 'http://rss.nytimes.com/services/xml/rss/nyt/HomePage.xml', 'value': 'The Peapod driver Sinclair Browne carries a delivery order to a customer on the Upper East Side.'}","[{'term': 'Delivery Services', 'scheme': 'http://www.nytimes.com/namespaces/keywords/des', 'label': None}, {'term': 'Amazon.com Inc', 'scheme': 'http://www.nytimes.com/namespaces/keywords/nyt_org_all', 'label': None}, {'term': 'Peapod Inc', 'scheme': 'http://www.nytimes.com/namespaces/keywords/nyt_org_all', 'label': None}, {'term': 'FreshDirect', 'scheme': 'http://www.nytimes.com/namespaces/keywords/nyt_org_all', 'label': None}]","A Street Fight Among Grocers to Deliver Your Milk, Eggs, Bananas","{'type': 'text/plain', 'language': None, 'base': 'http://rss.nytimes.com/services/xml/rss/nyt/HomePage.xml', 'value': 'A Street Fight Among Grocers to Deliver Your Milk, Eggs, Bananas'}"
IAN JOHNSON,{'name': 'IAN JOHNSON'},[{'name': 'IAN JOHNSON'}],"[{'type': 'text/plain', 'language': None, 'base': 'http://rss.nytimes.com/services/xml/rss/nyt/HomePage.xml', 'value': 'Millions have joined faith organizations like Fo Guang Shan, aiming to fill what they see as a moral vacuum. But to operate in China, groups like Fo Guang Shan must compromise.'}]",Gilles Sabrie for The New York Times,False,https://www.nytimes.com/2017/06/24/world/asia/china-buddhism-fo-guang-shan.html,https://www.nytimes.com/2017/06/24/world/asia/china-buddhism-fo-guang-shan.html?partner=rss&emc=rss,"[{'rel': 'alternate', 'type': 'text/html', 'href': 'https://www.nytimes.com/2017/06/24/world/asia/china-buddhism-fo-guang-shan.html?partner=rss&emc=rss'}, {'rel': 'standout', 'href': 'https://www.nytimes.com/2017/06/24/world/asia/china-buddhism-fo-guang-shan.html?partner=rss&emc=rss', 'type': 'text/html'}]","[{'url': 'https://static01.nyt.com/images/2017/06/23/world/foguangshan1/foguangshan1-moth.jpg', 'medium': 'image', 'height': '151', 'width': '151'}]",[{'content': 'Gilles Sabrie for The New York Times'}],54.56%,"Sun, 25 Jun 2017 00:00:34 GMT","time.struct_time(tm_year=2017, tm_mon=6, tm_mday=25, tm_hour=0, tm_min=0, tm_sec=34, tm_wday=6, tm_yday=176, tm_isdst=0)","A statue of the Venerable Master Hsing Yun, the leader of the Buddhist organization Fo Guang Shan, in Yixing.","{'type': 'text/html', 'language': None, 'base': 'http://rss.nytimes.com/services/xml/rss/nyt/HomePage.xml', 'value': 'A statue of the Venerable Master Hsing Yun, the leader of the Buddhist organization Fo Guang Shan, in Yixing.'}","[{'term': 'vis-photo', 'scheme': 'http://www.nytimes.com/namespaces/keywords/des', 'label': None}, {'term': 'Buddhism', 'scheme': 'http://www.nytimes.com/namespaces/keywords/des', 'label': None}, {'term': 'Fo Guang Shan', 'scheme': 'http://www.nytimes.com/namespaces/keywords/nyt_org_all', 'label': None}, {'term': 'Hsing Yun', 'scheme': 'http://www.nytimes.com/namespaces/keywords/nyt_per', 'label': None}, {'term': 'Communist Party of China', 'scheme': 'http://www.nytimes.com/namespaces/keywords/nyt_org_all', 'label': None}, {'term': 'Xi Jinping', 'scheme': 'http://www.nytimes.com/namespaces/keywords/nyt_per', 'label': None}, {'term': 'China', 'scheme': 'http://www.nytimes.com/namespaces/keywords/nyt_geo', 'label': None}]",Is a Buddhist Group Changing China? Or Is China Changing It?,"{'type': 'text/plain', 'language': None, 'base': 'http://rss.nytimes.com/services/xml/rss/nyt/HomePage.xml', 'value': 'Is a Buddhist Group Changing China? Or Is China Changing It?'}"
MANNY FERNANDEZ and DAVID MONTGOMERY,{'name': 'MANNY FERNANDEZ and DAVID MONTGOMERY'},[{'name': 'MANNY FERNANDEZ and DAVID MONTGOMERY'}],"[{'type': 'text/plain', 'language': None, 'base': 'http://rss.nytimes.com/services/xml/rss/nyt/HomePage.xml', 'value': 'As immigrants in Houston follow Washington’s political turmoil, some find ominous echoes from their homelands. Others find a reminder they are lucky to be here.'}]",Michael Stravato for The New York Times,False,https://www.nytimes.com/2017/06/24/us/trump-houston-immigrants-scandals-.html,https://www.nytimes.com/2017/06/24/us/trump-houston-immigrants-scandals-.html?partner=rss&emc=rss,"[{'rel': 'alternate', 'type': 'text/html', 'href': 'https://www.nytimes.com/2017/06/24/us/trump-houston-immigrants-scandals-.html?partner=rss&emc=rss'}, {'rel': 'standout', 'href': 'https://www.nytimes.com/2017/06/24/us/trump-houston-immigrants-scandals-.html?partner=rss&emc=rss', 'type': 'text/html'}]","[{'url': 'https://static01.nyt.com/images/2017/06/18/us/00Americandreamers-4/00Americandreamers-4-moth.jpg', 'medium': 'image', 'height': '151', 'width': '151'}]",[{'content': 'Michael Stravato for The New York Times'}],27.79%,"Sat, 24 Jun 2017 16:31:49 GMT","time.struct_time(tm_year=2017, tm_mon=6, tm_mday=24, tm_hour=16, tm_min=31, tm_sec=49, tm_wday=5, tm_yday=175, tm_isdst=0)","M.J. Khan, president of the Islamic Society of Greater Houston, said there was no comparison politically or culturally between Trump-era America and the Middle East.","{'type': 'text/html', 'language': None, 'base': 'http://rss.nytimes.com/services/xml/rss/nyt/HomePage.xml', 'value': 'M.J. Khan, president of the Islamic Society of Greater Houston, said there was no comparison politically or culturally between Trump-era America and the Middle East.'}","[{'term': 'Immigration and Emigration', 'scheme': 'http://www.nytimes.com/namespaces/keywords/mdes', 'label': None}, {'term': 'Freedom of Speech and Expression', 'scheme': 'http://www.nytimes.com/namespaces/keywords/des', 'label': None}, {'term': 'Trump, Donald J', 'scheme': 'http://www.nytimes.com/namespaces/keywords/nyt_per', 'label': None}, {'term': 'Houston (Tex)', 'scheme': 'http://www.nytimes.com/namespaces/keywords/nyt_geo', 'label': None}, {'term': 'Politics and Government', 'scheme': 'http://www.nytimes.com/namespaces/keywords/des', 'label': None}, {'term': 'United States Politics and Government', 'scheme': 'http://www.nytimes.com/namespaces/keywords/mdes', 'label': None}]","To Make Sense of American Politics, Immigrants Find Clues From Lands They Left","{'type': 'text/plain', 'language': None, 'base': 'http://rss.nytimes.com/services/xml/rss/nyt/HomePage.xml', 'value': 'To Make Sense of American Politics, Immigrants Find Clues From Lands They Left'}"
JEREMY ALLEN,{'name': 'JEREMY ALLEN'},[{'name': 'JEREMY ALLEN'}],"[{'type': 'text/plain', 'language': None, 'base': 'http://rss.nytimes.com/services/xml/rss/nyt/HomePage.xml', 'value': 'A year after the shooting at Pulse in Orlando, dance parties and events have roared back in New York City, in a celebration of community.'}]",Emil Cohen for The New York Times,False,https://www.nytimes.com/2017/06/20/us/gay-pride-lgbtq-new-york-city-nightlife.html,https://www.nytimes.com/2017/06/20/us/gay-pride-lgbtq-new-york-city-nightlife.html?partner=rss&emc=rss,"[{'rel': 'alternate', 'type': 'text/html', 'href': 'https://www.nytimes.com/2017/06/20/us/gay-pride-lgbtq-new-york-city-nightlife.html?partner=rss&emc=rss'}, {'rel': 'standout', 'href': 'https://www.nytimes.com/2017/06/20/us/gay-pride-lgbtq-new-york-city-nightlife.html?partner=rss&emc=rss', 'type': 'text/html'}]","[{'url': 'https://static01.nyt.com/images/2017/06/20/us/25PARTIES-wetnoise-01/25PARTIES-wetnoise-01-moth.jpg', 'medium': 'image', 'height': '151', 'width': '151'}]",[{'content': 'Emil Cohen for The New York Times'}],71.46%,"Tue, 20 Jun 2017 09:00:56 GMT","time.struct_time(tm_year=2017, tm_mon=6, tm_mday=20, tm_hour=9, tm_min=0, tm_sec=56, tm_wday=1, tm_yday=171, tm_isdst=0)","Wet Noise, a monthly East Village party.","{'type': 'text/html', 'language': None, 'base': 'http://rss.nytimes.com/services/xml/rss/nyt/HomePage.xml', 'value': 'Wet Noise, a monthly East Village party.'}","[{'term': 'Bars and Nightclubs', 'scheme': 'http://www.nytimes.com/namespaces/keywords/des', 'label': None}, {'term': 'Discrimination', 'scheme': 'http://www.nytimes.com/namespaces/keywords/des', 'label': None}, {'term': 'Women and Girls', 'scheme': 'http://www.nytimes.com/namespaces/keywords/des', 'label': None}, {'term': 'Orlando, Fla, Shooting (2016)', 'scheme': 'http://www.nytimes.com/namespaces/keywords/mdes', 'label': None}, {'term': 'Homosexuality and Bisexuality', 'scheme': 'http://www.nytimes.com/namespaces/keywords/mdes', 'label': None}, {'term': 'Disc Jockeys', 'scheme': 'http://www.nytimes.com/namespaces/keywords/mdes', 'label': None}, {'term': 'Transgender and Transsexuals', 'scheme': 'http://www.nytimes.com/namespaces/keywords/mdes', 'label': None}, {'term': 'New York City', 'scheme': 'http://www.nytimes.com/namespaces/keywords/nyt_geo', 'label': None}, {'term': 'Pop and Rock Music', 'scheme': 'http://www.nytimes.com/namespaces/keywords/mdes', 'label': None}, {'term': 'Pride 2017', 'scheme': 'http://www.nytimes.com/namespaces/keywords/nyt_keyword', 'label': None}]","Pride 2017: Defiant on the Dance Floor: L.G.B.T.Q. Night Life in New York, 2017","{'type': 'text/plain', 'language': None, 'base': 'http://rss.nytimes.com/services/xml/rss/nyt/HomePage.xml', 'value': 'Pride 2017: Defiant on the Dance Floor: L.G.B.T.Q. Night Life in New York, 2017'}"
BRIAN M. ROSENTHAL,{'name': 'BRIAN M. ROSENTHAL'},[{'name': 'BRIAN M. ROSENTHAL'}],"[{'type': 'text/plain', 'language': None, 'base': 'http://rss.nytimes.com/services/xml/rss/nyt/HomePage.xml', 'value': 'Mr. Dietl was the private investigator of choice for Roger Ailes, Steve Bannon and Don Imus. Now, he wants to be New York City’s mayor.'}]",Hilary Swift for The New York Times,False,https://www.nytimes.com/2017/06/24/nyregion/bo-dietl-new-york-mayor.html,https://www.nytimes.com/2017/06/24/nyregion/bo-dietl-new-york-mayor.html?partner=rss&emc=rss,"[{'rel': 'alternate', 'type': 'text/html', 'href': 'https://www.nytimes.com/2017/06/24/nyregion/bo-dietl-new-york-mayor.html?partner=rss&emc=rss'}, {'rel': 'standout', 'href': 'https://www.nytimes.com/2017/06/24/nyregion/bo-dietl-new-york-mayor.html?partner=rss&emc=rss', 'type': 'text/html'}]","[{'url': 'https://static01.nyt.com/images/2017/06/25/nyregion/25DIETL1/00DIETL1-moth.jpg', 'medium': 'image', 'height': '151', 'width': '151'}]",[{'content': 'Hilary Swift for The New York Times'}],90.31%,"Sat, 24 Jun 2017 12:00:26 GMT","time.struct_time(tm_year=2017, tm_mon=6, tm_mday=24, tm_hour=12, tm_min=0, tm_sec=26, tm_wday=5, tm_yday=175, tm_isdst=0)","Bo Dietl outside his office in Manhattan. “Everybody has a right to defend themselves under the Constitution,” he said of his clients and his work for them.","{'type': 'text/html', 'language': None, 'base': 'http://rss.nytimes.com/services/xml/rss/nyt/HomePage.xml', 'value': 'Bo Dietl outside his office in Manhattan. “Everybody has a right to defend themselves under the Constitution,” he said of his clients and his work for them.'}","[{'term': 'Sexual Harassment', 'scheme': 'http://www.nytimes.com/namespaces/keywords/des', 'label': None}, {'term': 'Elections, Mayors', 'scheme': 'http://www.nytimes.com/namespaces/keywords/des', 'label': None}, {'term': 'New York City', 'scheme': 'http://www.nytimes.com/namespaces/keywords/nyt_geo', 'label': None}, {'term': 'Ailes, Roger E', 'scheme': 'http://www.nytimes.com/namespaces/keywords/nyt_per', 'label': None}, {'term': 'Bannon, Stephen K', 'scheme': 'http://www.nytimes.com/namespaces/keywords/nyt_per', 'label': None}, {'term': 'Dietl, Bo', 'scheme': 'http://www.nytimes.com/namespaces/keywords/nyt_per', 'label': None}, {'term': 'Tantaros, Andrea (1978- )', 'scheme': 'http://www.nytimes.com/namespaces/keywords/nyt_per', 'label': None}, {'term': 'Carlson, Gretchen', 'scheme': 'http://www.nytimes.com/namespaces/keywords/nyt_per', 'label': None}]",A Self-Proclaimed ‘Tough Cop’ Wants a New Title: Mayor,"{'type': 'text/plain', 'language': None, 'base': 'http://rss.nytimes.com/services/xml/rss/nyt/HomePage.xml', 'value': 'A Self-Proclaimed ‘Tough Cop’ Wants a New Title: Mayor'}"
RICK ROJAS,{'name': 'RICK ROJAS'},[{'name': 'RICK ROJAS'}],"[{'type': 'text/plain', 'language': None, 'base': 'http://rss.nytimes.com/services/xml/rss/nyt/HomePage.xml', 'value': 'Five decades after the Newark riots, The Times wants to hear from those who lived in Newark at the time or were otherwise affected by what happened.'}]",The New York Times,False,https://www.nytimes.com/2017/06/23/nyregion/tell-us-your-stories-from-the-newark-riots.html,https://www.nytimes.com/2017/06/23/nyregion/tell-us-your-stories-from-the-newark-riots.html?partner=rss&emc=rss,"[{'rel': 'alternate', 'type': 'text/html', 'href': 'https://www.nytimes.com/2017/06/23/nyregion/tell-us-your-stories-from-the-newark-riots.html?partner=rss&emc=rss'}, {'rel': 'standout', 'href': 'https://www.nytimes.com/2017/06/23/nyregion/tell-us-your-stories-from-the-newark-riots.html?partner=rss&emc=rss', 'type': 'text/html'}]","[{'url': 'https://static01.nyt.com/images/2017/06/22/nyregion/NEWARK-callout1/NEWARK-callout-moth.jpg', 'medium': 'image', 'height': '151', 'width': '151'}]",[{'content': 'The New York Times'}],69.95%,"Fri, 23 Jun 2017 16:16:04 GMT","time.struct_time(tm_year=2017, tm_mon=6, tm_mday=23, tm_hour=16, tm_min=16, tm_sec=4, tm_wday=4, tm_yday=174, tm_isdst=0)","Damage from the Newark riots at the corner of Springfield and Morris Avenues on July 14, 1967.","{'type': 'text/html', 'language': None, 'base': 'http://rss.nytimes.com/services/xml/rss/nyt/HomePage.xml', 'value': 'Damage from the Newark riots at the corner of Springfield and Morris Avenues on July 14, 1967.'}","[{'term': 'Demonstrations, Protests and Riots', 'scheme': 'http://www.nytimes.com/namespaces/keywords/des', 'label': None}, {'term': 'Newark (NJ)', 'scheme': 'http://www.nytimes.com/namespaces/keywords/nyt_geo', 'label': None}]",Tell Us Your Stories From the Newark Riots,"{'type': 'text/plain', 'language': None, 'base': 'http://rss.nytimes.com/services/xml/rss/nyt/HomePage.xml', 'value': 'Tell Us Your Stories From the Newark Riots'}"
JOSH PLANOS,{'name': 'JOSH PLANOS'},[{'name': 'JOSH PLANOS'}],"[{'type': 'text/plain', 'language': None, 'base': 'http://rss.nytimes.com/services/xml/rss/nyt/HomePage.xml', 'value': 'After playing for years overseas, Yvonne Turner of the Phoenix Mercury is still coming to grips with the fact that she has finally reached her goal, at age 29.'}]","Juan Ocampo/NBAE, via Getty Images",False,https://www.nytimes.com/2017/06/24/sports/basketball/wnba-phoenix-mercury-yvonne-turner.html,https://www.nytimes.com/2017/06/24/sports/basketball/wnba-phoenix-mercury-yvonne-turner.html?partner=rss&emc=rss,"[{'rel': 'alternate', 'type': 'text/html', 'href': 'https://www.nytimes.com/2017/06/24/sports/basketball/wnba-phoenix-mercury-yvonne-turner.html?partner=rss&emc=rss'}, {'rel': 'standout', 'href': 'https://www.nytimes.com/2017/06/24/sports/basketball/wnba-phoenix-mercury-yvonne-turner.html?partner=rss&emc=rss', 'type': 'text/html'}]","[{'url': 'https://static01.nyt.com/images/2017/06/25/sports/25rookies1/00rookies1-moth.jpg', 'medium': 'image', 'height': '151', 'width': '151'}]","[{'content': 'Juan Ocampo/NBAE, via Getty Images'}]",75.27%,"Sat, 24 Jun 2017 17:52:26 GMT","time.struct_time(tm_year=2017, tm_mon=6, tm_mday=24, tm_hour=17, tm_min=52, tm_sec=26, tm_wday=5, tm_yday=175, tm_isdst=0)","The Phoenix Mercury’s Yvonne Turner, No. 6, in a game against the Los Angeles Sparks on June 18. Turner, 29, is the W.N.B.A.’s oldest rookie.","{'type': 'text/html', 'language': None, 'base': 'http://rss.nytimes.com/services/xml/rss/nyt/HomePage.xml', 'value': 'The Phoenix Mercury’s Yvonne Turner, No. 6, in a game against the Los Angeles Sparks on June 18. Turner, 29, is the W.N.B.A.’s oldest rookie.'}","[{'term': 'Phoenix Mercury', 'scheme': 'http://www.nytimes.com/namespaces/keywords/nyt_org_all', 'label': None}, {'term': 'Turner, Yvonne (1987- )', 'scheme': 'http://www.nytimes.com/namespaces/keywords/nyt_per', 'label': None}, {'term': ""Women's National Basketball Assn"", 'scheme': 'http://www.nytimes.com/namespaces/keywords/nyt_org_all', 'label': None}, {'term': 'Basketball', 'scheme': 'http://www.nytimes.com/namespaces/keywords/des', 'label': None}]","For W.N.B.A.’s Oldest Rookie, a Lot of Persistence Goes a Long Way","{'type': 'text/plain', 'language': None, 'base': 'http://rss.nytimes.com/services/xml/rss/nyt/HomePage.xml', 'value': 'For W.N.B.A.’s Oldest Rookie, a Lot of Persistence Goes a Long Way'}"
DAVE CALDWELL,{'name': 'DAVE CALDWELL'},[{'name': 'DAVE CALDWELL'}],"[{'type': 'text/plain', 'language': None, 'base': 'http://rss.nytimes.com/services/xml/rss/nyt/HomePage.xml', 'value': 'Alon Day, 25, who specializes in road courses, will drive the No. 23 Toyota for BK Racing on Sunday in Sonoma, Calif.'}]",Matt Sullivan/Getty Images,False,https://www.nytimes.com/2017/06/24/sports/nascar-cup-series-sonoma-alon-day.html,https://www.nytimes.com/2017/06/24/sports/nascar-cup-series-sonoma-alon-day.html?partner=rss&emc=rss,"[{'rel': 'alternate', 'type': 'text/html', 'href': 'https://www.nytimes.com/2017/06/24/sports/nascar-cup-series-sonoma-alon-day.html?partner=rss&emc=rss'}, {'rel': 'standout', 'href': 'https://www.nytimes.com/2017/06/24/sports/nascar-cup-series-sonoma-alon-day.html?partner=rss&emc=rss', 'type': 'text/html'}]","[{'url': 'https://static01.nyt.com/images/2017/06/25/sports/25NASCAR/25NASCAR-moth.jpg', 'medium': 'image', 'height': '151', 'width': '151'}]",[{'content': 'Matt Sullivan/Getty Images'}],3.71%,"Sat, 24 Jun 2017 15:40:36 GMT","time.struct_time(tm_year=2017, tm_mon=6, tm_mday=24, tm_hour=15, tm_min=40, tm_sec=36, tm_wday=5, tm_yday=175, tm_isdst=0)","Alon Day, 25, will be the first Israeli to compete in Nascar’s top Cup series when he takes part in Sunday’s race in Sonoma, Calif. “I think the main thing is that I’m not talking about a good result,” he said. “I’m talking about establishing my name.”","{'type': 'text/html', 'language': None, 'base': 'http://rss.nytimes.com/services/xml/rss/nyt/HomePage.xml', 'value': 'Alon Day, 25, will be the first Israeli to compete in Nascar’s top Cup series when he takes part in Sunday’s race in Sonoma, Calif. “I think the main thing is that I’m not talking about a good result,” he said. “I’m talking about establishing my name.”'}","[{'term': 'Day, Alon (1991- )', 'scheme': 'http://www.nytimes.com/namespaces/keywords/nyt_per', 'label': None}, {'term': 'National Assn of Stock Car Auto Racing', 'scheme': 'http://www.nytimes.com/namespaces/keywords/nyt_org_all', 'label': None}, {'term': 'Israel', 'scheme': 'http://www.nytimes.com/namespaces/keywords/nyt_geo', 'label': None}, {'term': 'Automobile Racing', 'scheme': 'http://www.nytimes.com/namespaces/keywords/des', 'label': None}, {'term': 'Jews and Judaism', 'scheme': 'http://www.nytimes.com/namespaces/keywords/des', 'label': None}]",Israeli Competitor Is a First for Nascar’s Top Cup Series,"{'type': 'text/plain', 'language': None, 'base': 'http://rss.nytimes.com/services/xml/rss/nyt/HomePage.xml', 'value': 'Israeli Competitor Is a First for Nascar’s Top Cup Series'}"
JONAH ENGEL BROMWICH,{'name': 'JONAH ENGEL BROMWICH'},[{'name': 'JONAH ENGEL BROMWICH'}],"[{'type': 'text/plain', 'language': None, 'base': 'http://rss.nytimes.com/services/xml/rss/nyt/HomePage.xml', 'value': 'Forrest Fenn said he buried a stash worth $2 million. The search for it has drawn tens of thousands of people to some of the more unsparing wilderness in the southwest.'}]",Nick Cote for The New York Times,False,https://www.nytimes.com/2017/06/21/us/forrest-fenn-treasure.html,https://www.nytimes.com/2017/06/21/us/forrest-fenn-treasure.html?partner=rss&emc=rss,"[{'rel': 'alternate', 'type': 'text/html', 'href': 'https://www.nytimes.com/2017/06/21/us/forrest-fenn-treasure.html?partner=rss&emc=rss'}, {'rel': 'standout', 'href': 'https://www.nytimes.com/2017/06/21/us/forrest-fenn-treasure.html?partner=rss&emc=rss', 'type': 'text/html'}]","[{'url': 'https://static01.nyt.com/images/2017/06/22/us/22xp-FENN1/00xp-FENN1-moth-v3.jpg', 'medium': 'image', 'height': '151', 'width': '151'}]",[{'content': 'Nick Cote for The New York Times'}],13.79%,"Wed, 21 Jun 2017 17:48:38 GMT","time.struct_time(tm_year=2017, tm_mon=6, tm_mday=21, tm_hour=17, tm_min=48, tm_sec=38, tm_wday=2, tm_yday=172, tm_isdst=0)","Forrest Fenn at his home in Santa Fe last year. He estimated that 65,000 people have joined the search for the treasure, which he said he hid to give families a reason to “get off their couches.”","{'type': 'text/html', 'language': None, 'base': 'http://rss.nytimes.com/services/xml/rss/nyt/HomePage.xml', 'value': 'Forrest Fenn at his home in Santa Fe last year. He estimated that 65,000 people have joined the search for the treasure, which he said he hid to give families a reason to “get off their couches.”'}","[{'term': 'Treasure Troves', 'scheme': 'http://www.nytimes.com/namespaces/keywords/des', 'label': None}, {'term': 'Parks and Other Recreation Areas', 'scheme': 'http://www.nytimes.com/namespaces/keywords/mdes', 'label': None}, {'term': 'Fenn, Forrest (1930- )', 'scheme': 'http://www.nytimes.com/namespaces/keywords/nyt_per', 'label': None}, {'term': 'Deaths (Fatalities)', 'scheme': 'http://www.nytimes.com/namespaces/keywords/mdes', 'label': None}, {'term': 'The Thrill of the Chase (Book)', 'scheme': 'http://www.nytimes.com/namespaces/keywords/nyt_ttl', 'label': None}, {'term': 'New Mexico', 'scheme': 'http://www.nytimes.com/namespaces/keywords/nyt_geo', 'label': None}]",Colorado Man Is Second to Die in Quest for Buried Treasure,"{'type': 'text/plain', 'language': None, 'base': 'http://rss.nytimes.com/services/xml/rss/nyt/HomePage.xml', 'value': 'Colorado Man Is Second to Die in Quest for Buried Treasure'}"
,,[{}],"[{'type': 'text/plain', 'language': None, 'base': 'http://rss.nytimes.com/services/xml/rss/nyt/HomePage.xml', 'value': 'of Make Music New York'}]",Will Glaser/The New York Times,False,https://www.nytimes.com/2017/06/23/arts/music/galactic-pulses-the-best-moments-of-make-music-new-york.html,https://www.nytimes.com/2017/06/23/arts/music/galactic-pulses-the-best-moments-of-make-music-new-york.html?partner=rss&emc=rss,"[{'rel': 'alternate', 'type': 'text/html', 'href': 'https://www.nytimes.com/2017/06/23/arts/music/galactic-pulses-the-best-moments-of-make-music-new-york.html?partner=rss&emc=rss'}, {'rel': 'standout', 'href': 'https://www.nytimes.com/2017/06/23/arts/music/galactic-pulses-the-best-moments-of-make-music-new-york.html?partner=rss&emc=rss', 'type': 'text/html'}]","[{'url': 'https://static01.nyt.com/images/2017/06/24/arts/24MOMENTS-APOLLO/24MOMENTS-APOLLO-moth-v2.jpg', 'medium': 'image', 'height': '151', 'width': '151'}]",[{'content': 'Will Glaser/The New York Times'}],31.97%,"Fri, 23 Jun 2017 21:51:03 GMT","time.struct_time(tm_year=2017, tm_mon=6, tm_mday=23, tm_hour=21, tm_min=51, tm_sec=3, tm_wday=4, tm_yday=174, tm_isdst=0)",Lolita Jackson singing outside the Apollo Theater for the Make Music New York celebration.,"{'type': 'text/html', 'language': None, 'base': 'http://rss.nytimes.com/services/xml/rss/nyt/HomePage.xml', 'value': 'Lolita Jackson singing outside the Apollo Theater for the Make Music New York celebration.'}","[{'term': 'Music', 'scheme': 'http://www.nytimes.com/namespaces/keywords/des', 'label': None}, {'term': 'Make Music New York (Festival)', 'scheme': 'http://www.nytimes.com/namespaces/keywords/mdes', 'label': None}]",That Decisive Moment: Galactic Pulses: The Best Moments of Make Music New York,"{'type': 'text/plain', 'language': None, 'base': 'http://rss.nytimes.com/services/xml/rss/nyt/HomePage.xml', 'value': 'That Decisive Moment: Galactic Pulses: The Best Moments of Make Music New York'}"
FILIP BONDY,{'name': 'FILIP BONDY'},[{'name': 'FILIP BONDY'}],"[{'type': 'text/plain', 'language': None, 'base': 'http://rss.nytimes.com/services/xml/rss/nyt/HomePage.xml', 'value': 'Home run mythology must now compete with cutting-edge efforts to quantify mighty blasts from “pitch delivery to the conclusion of the event.”'}]",Karsten Moran for The New York Times,False,https://www.nytimes.com/2017/06/24/sports/baseball/home-runs-measurement-.html,https://www.nytimes.com/2017/06/24/sports/baseball/home-runs-measurement-.html?partner=rss&emc=rss,"[{'rel': 'alternate', 'type': 'text/html', 'href': 'https://www.nytimes.com/2017/06/24/sports/baseball/home-runs-measurement-.html?partner=rss&emc=rss'}, {'rel': 'standout', 'href': 'https://www.nytimes.com/2017/06/24/sports/baseball/home-runs-measurement-.html?partner=rss&emc=rss', 'type': 'text/html'}]","[{'url': 'https://static01.nyt.com/images/2017/06/25/sports/25HOMERUNS-jp1/25HOMERUNS1-moth.jpg', 'medium': 'image', 'height': '151', 'width': '151'}]",[{'content': 'Karsten Moran for The New York Times'}],70.2%,"Sat, 24 Jun 2017 09:00:26 GMT","time.struct_time(tm_year=2017, tm_mon=6, tm_mday=24, tm_hour=9, tm_min=0, tm_sec=26, tm_wday=5, tm_yday=175, tm_isdst=0)",Fans watching Aaron Judge bat on Thursday from the area of Yankee Stadium where a home run he hit on June 11 landed.,"{'type': 'text/html', 'language': None, 'base': 'http://rss.nytimes.com/services/xml/rss/nyt/HomePage.xml', 'value': 'Fans watching Aaron Judge bat on Thursday from the area of Yankee Stadium where a home run he hit on June 11 landed.'}","[{'term': 'Baseball', 'scheme': 'http://www.nytimes.com/namespaces/keywords/des', 'label': None}, {'term': 'Stadiums and Arenas', 'scheme': 'http://www.nytimes.com/namespaces/keywords/des', 'label': None}, {'term': 'Computers and the Internet', 'scheme': 'http://www.nytimes.com/namespaces/keywords/des', 'label': None}, {'term': 'Statistics', 'scheme': 'http://www.nytimes.com/namespaces/keywords/mdes', 'label': None}, {'term': 'Bronx (NYC)', 'scheme': 'http://www.nytimes.com/namespaces/keywords/nyt_geo', 'label': None}, {'term': 'Judge, Aaron (1992- )', 'scheme': 'http://www.nytimes.com/namespaces/keywords/nyt_per', 'label': None}]","Keeping Score: That Ball Was Hit a Country Mile, or 495 Feet if You’re Into Hard Data","{'type': 'text/plain', 'language': None, 'base': 'http://rss.nytimes.com/services/xml/rss/nyt/HomePage.xml', 'value': 'Keeping Score: That Ball Was Hit a Country Mile, or 495 Feet if You’re Into Hard Data'}"
JASON HOROWITZ,{'name': 'JASON HOROWITZ'},[{'name': 'JASON HOROWITZ'}],"[{'type': 'text/plain', 'language': None, 'base': 'http://rss.nytimes.com/services/xml/rss/nyt/HomePage.xml', 'value': 'Parties and politicians took a tougher stance ahead voting on Sunday, from Lampedusa in the south to Lake Como, where the Swiss border beckons migrants.'}]",Gianni Cipriano for The New York Times,False,https://www.nytimes.com/2017/06/24/world/europe/italy-immigration-elections.html,https://www.nytimes.com/2017/06/24/world/europe/italy-immigration-elections.html?partner=rss&emc=rss,"[{'rel': 'alternate', 'type': 'text/html', 'href': 'https://www.nytimes.com/2017/06/24/world/europe/italy-immigration-elections.html?partner=rss&emc=rss'}, {'rel': 'standout', 'href': 'https://www.nytimes.com/2017/06/24/world/europe/italy-immigration-elections.html?partner=rss&emc=rss', 'type': 'text/html'}]","[{'url': 'https://static01.nyt.com/images/2017/06/24/world/25Italy1-sub/25Italy1-sub-moth.jpg', 'medium': 'image', 'height': '151', 'width': '151'}]",[{'content': 'Gianni Cipriano for The New York Times'}],10.73%,"Sat, 24 Jun 2017 08:41:53 GMT","time.struct_time(tm_year=2017, tm_mon=6, tm_mday=24, tm_hour=8, tm_min=41, tm_sec=53, tm_wday=5, tm_yday=175, tm_isdst=0)","Barrialfa Karavate, 21, a migrant from Guinea, at Lake Como, where there is a debate about what to do with Africans hoping to go north to Switzerland or Northern Europe for jobs.","{'type': 'text/html', 'language': None, 'base': 'http://rss.nytimes.com/services/xml/rss/nyt/HomePage.xml', 'value': 'Barrialfa Karavate, 21, a migrant from Guinea, at Lake Como, where there is a debate about what to do with Africans hoping to go north to Switzerland or Northern Europe for jobs.'}","[{'term': 'Illegal Immigration', 'scheme': 'http://www.nytimes.com/namespaces/keywords/des', 'label': None}, {'term': 'Refugees and Displaced Persons', 'scheme': 'http://www.nytimes.com/namespaces/keywords/des', 'label': None}, {'term': 'Middle East and Africa Migrant Crisis', 'scheme': 'http://www.nytimes.com/namespaces/keywords/des', 'label': None}, {'term': 'Politics and Government', 'scheme': 'http://www.nytimes.com/namespaces/keywords/des', 'label': None}, {'term': 'Elections', 'scheme': 'http://www.nytimes.com/namespaces/keywords/mdes', 'label': None}, {'term': 'Italy', 'scheme': 'http://www.nytimes.com/namespaces/keywords/nyt_geo', 'label': None}, {'term': 'vis-multimedia', 'scheme': 'http://www.nytimes.com/namespaces/keywords/des', 'label': None}]",Immigration Moves Front and Center in Italy’s Local Elections,"{'type': 'text/plain', 'language': None, 'base': 'http://rss.nytimes.com/services/xml/rss/nyt/HomePage.xml', 'value': 'Immigration Moves Front and Center in Italy’s Local Elections'}"
DAVID SHIMER,{'name': 'DAVID SHIMER'},[{'name': 'DAVID SHIMER'}],"[{'type': 'text/plain', 'language': None, 'base': 'http://rss.nytimes.com/services/xml/rss/nyt/HomePage.xml', 'value': 'The Parliament voted unanimously to void the convictions of those prosecuted under a law forbidding sex between men. The law was repealed in 1994.'}]",Carsten Koall/Getty Images,False,https://www.nytimes.com/2017/06/23/world/europe/germany-anti-gay-law.html,https://www.nytimes.com/2017/06/23/world/europe/germany-anti-gay-law.html?partner=rss&emc=rss,"[{'rel': 'alternate', 'type': 'text/html', 'href': 'https://www.nytimes.com/2017/06/23/world/europe/germany-anti-gay-law.html?partner=rss&emc=rss'}, {'rel': 'standout', 'href': 'https://www.nytimes.com/2017/06/23/world/europe/germany-anti-gay-law.html?partner=rss&emc=rss', 'type': 'text/html'}]","[{'url': 'https://static01.nyt.com/images/2017/06/24/world/24germany/24germany-moth.jpg', 'medium': 'image', 'height': '151', 'width': '151'}]",[{'content': 'Carsten Koall/Getty Images'}],66.52%,"Fri, 23 Jun 2017 20:09:30 GMT","time.struct_time(tm_year=2017, tm_mon=6, tm_mday=23, tm_hour=20, tm_min=9, tm_sec=30, tm_wday=4, tm_yday=174, tm_isdst=0)","The Christopher Street Day parade in Berlin in 2015. The German Parliament has voted to overturn the convictions of roughly 50,000 men criminalized for homosexuality.","{'type': 'text/html', 'language': None, 'base': 'http://rss.nytimes.com/services/xml/rss/nyt/HomePage.xml', 'value': 'The Christopher Street Day parade in Berlin in 2015. The German Parliament has voted to overturn the convictions of roughly 50,000 men criminalized for homosexuality.'}","[{'term': 'Homosexuality and Bisexuality', 'scheme': 'http://www.nytimes.com/namespaces/keywords/des', 'label': None}, {'term': 'False Arrests, Convictions and Imprisonments', 'scheme': 'http://www.nytimes.com/namespaces/keywords/mdes', 'label': None}, {'term': 'Germany', 'scheme': 'http://www.nytimes.com/namespaces/keywords/nyt_geo', 'label': None}]","Germany Wipes Slate Clean for 50,000 Men Convicted Under Anti-Gay Law","{'type': 'text/plain', 'language': None, 'base': 'http://rss.nytimes.com/services/xml/rss/nyt/HomePage.xml', 'value': 'Germany Wipes Slate Clean for 50,000 Men Convicted Under Anti-Gay Law'}"
ADAM CONNER-SIMONS,{'name': 'ADAM CONNER-SIMONS'},[{'name': 'ADAM CONNER-SIMONS'}],"[{'type': 'text/plain', 'language': None, 'base': 'http://rss.nytimes.com/services/xml/rss/nyt/HomePage.xml', 'value': 'Dr. Sarno was both hailed and dismissed for his contention that most chronic pain could be traced to deep within the psyche.'}]",RumuR Inc.,False,https://www.nytimes.com/2017/06/23/science/john-sarno-dead-healing-back-pain-doctor.html,https://www.nytimes.com/2017/06/23/science/john-sarno-dead-healing-back-pain-doctor.html?partner=rss&emc=rss,"[{'rel': 'alternate', 'type': 'text/html', 'href': 'https://www.nytimes.com/2017/06/23/science/john-sarno-dead-healing-back-pain-doctor.html?partner=rss&emc=rss'}, {'rel': 'standout', 'href': 'https://www.nytimes.com/2017/06/23/science/john-sarno-dead-healing-back-pain-doctor.html?partner=rss&emc=rss', 'type': 'text/html'}]","[{'url': 'https://static01.nyt.com/images/2017/06/25/obituaries/25SARNO-obit-01/23SARNO-obit-01-moth.jpg', 'medium': 'image', 'height': '151', 'width': '151'}]",[{'content': 'RumuR Inc.'}],59.43%,"Sat, 24 Jun 2017 22:17:51 GMT","time.struct_time(tm_year=2017, tm_mon=6, tm_mday=24, tm_hour=22, tm_min=17, tm_sec=51, tm_wday=5, tm_yday=175, tm_isdst=0)","Dr. John Sarno in “All the Rage,” a documentary film about him that was released Friday.","{'type': 'text/html', 'language': None, 'base': 'http://rss.nytimes.com/services/xml/rss/nyt/HomePage.xml', 'value': 'Dr. John Sarno in “All the Rage,” a documentary film about him that was released Friday.'}","[{'term': 'Sarno, John', 'scheme': 'http://www.nytimes.com/namespaces/keywords/nyt_per', 'label': None}, {'term': 'Deaths (Obituaries)', 'scheme': 'http://www.nytimes.com/namespaces/keywords/des', 'label': None}, {'term': 'Psychology and Psychologists', 'scheme': 'http://www.nytimes.com/namespaces/keywords/mdes', 'label': None}, {'term': 'Back (Human Body Part)', 'scheme': 'http://www.nytimes.com/namespaces/keywords/mdes', 'label': None}, {'term': 'Pain', 'scheme': 'http://www.nytimes.com/namespaces/keywords/mdes', 'label': None}]","Dr. John Sarno, 93, Dies; Best-Selling Author Tied Pain to Anxieties","{'type': 'text/plain', 'language': None, 'base': 'http://rss.nytimes.com/services/xml/rss/nyt/HomePage.xml', 'value': 'Dr. John Sarno, 93, Dies; Best-Selling Author Tied Pain to Anxieties'}"
MATT STEVENS,{'name': 'MATT STEVENS'},[{'name': 'MATT STEVENS'}],"[{'type': 'text/plain', 'language': None, 'base': 'http://rss.nytimes.com/services/xml/rss/nyt/HomePage.xml', 'value': 'Brandon Banks was found guilty of aggravated rape and aggravated sexual battery on Friday, four years after the on-campus attack.'}]","Lacy Atkins/The Tennessean, via Associated Press",False,https://www.nytimes.com/2017/06/23/us/vanderbilt-rape-brandon-banks.html,https://www.nytimes.com/2017/06/23/us/vanderbilt-rape-brandon-banks.html?partner=rss&emc=rss,"[{'rel': 'alternate', 'type': 'text/html', 'href': 'https://www.nytimes.com/2017/06/23/us/vanderbilt-rape-brandon-banks.html?partner=rss&emc=rss'}, {'rel': 'standout', 'href': 'https://www.nytimes.com/2017/06/23/us/vanderbilt-rape-brandon-banks.html?partner=rss&emc=rss', 'type': 'text/html'}]","[{'url': 'https://static01.nyt.com/images/2017/06/24/sports/24xp-vanderbilt_web1/24xp-vanderbilt_web1-moth.jpg', 'medium': 'image', 'height': '151', 'width': '151'}]","[{'content': 'Lacy Atkins/The Tennessean, via Associated Press'}]",17.28%,"Sat, 24 Jun 2017 03:51:52 GMT","time.struct_time(tm_year=2017, tm_mon=6, tm_mday=24, tm_hour=3, tm_min=51, tm_sec=52, tm_wday=5, tm_yday=175, tm_isdst=0)","Brandon Banks reacted as the verdict was read in court in Nashville, Tenn., on Friday.","{'type': 'text/html', 'language': None, 'base': 'http://rss.nytimes.com/services/xml/rss/nyt/HomePage.xml', 'value': 'Brandon Banks reacted as the verdict was read in court in Nashville, Tenn., on Friday.'}","[{'term': 'Colleges and Universities', 'scheme': 'http://www.nytimes.com/namespaces/keywords/des', 'label': None}, {'term': 'Assaults', 'scheme': 'http://www.nytimes.com/namespaces/keywords/des', 'label': None}, {'term': 'Football (College)', 'scheme': 'http://www.nytimes.com/namespaces/keywords/mdes', 'label': None}, {'term': 'Vanderbilt University', 'scheme': 'http://www.nytimes.com/namespaces/keywords/nyt_org_all', 'label': None}, {'term': 'Vandenburg, Brandon (1993- )', 'scheme': 'http://www.nytimes.com/namespaces/keywords/nyt_per', 'label': None}, {'term': 'Tennessee', 'scheme': 'http://www.nytimes.com/namespaces/keywords/nyt_geo', 'label': None}, {'term': 'Sex Crimes', 'scheme': 'http://www.nytimes.com/namespaces/keywords/des', 'label': None}]",Third Former Vanderbilt Football Player Convicted of Rape,"{'type': 'text/plain', 'language': None, 'base': 'http://rss.nytimes.com/services/xml/rss/nyt/HomePage.xml', 'value': 'Third Former Vanderbilt Football Player Convicted of Rape'}"
JEFF ARNOLD,{'name': 'JEFF ARNOLD'},[{'name': 'JEFF ARNOLD'}],"[{'type': 'text/plain', 'language': None, 'base': 'http://rss.nytimes.com/services/xml/rss/nyt/HomePage.xml', 'value': 'Hischier, surprised that the Devils picked him over Nolan Patrick, becomes the first Swiss-born player to be selected first over all in the draft.'}]",Bruce Bennett/Getty Images,False,https://www.nytimes.com/2017/06/23/sports/hockey/nhl-draft-nico-hischier-new-jersey-devils.html,https://www.nytimes.com/2017/06/23/sports/hockey/nhl-draft-nico-hischier-new-jersey-devils.html?partner=rss&emc=rss,"[{'rel': 'alternate', 'type': 'text/html', 'href': 'https://www.nytimes.com/2017/06/23/sports/hockey/nhl-draft-nico-hischier-new-jersey-devils.html?partner=rss&emc=rss'}, {'rel': 'standout', 'href': 'https://www.nytimes.com/2017/06/23/sports/hockey/nhl-draft-nico-hischier-new-jersey-devils.html?partner=rss&emc=rss', 'type': 'text/html'}]","[{'url': 'https://static01.nyt.com/images/2017/06/24/sports/24nhldraftweb/24nhldraftweb-moth.jpg', 'medium': 'image', 'height': '151', 'width': '151'}]",[{'content': 'Bruce Bennett/Getty Images'}],26.75%,"Sat, 24 Jun 2017 02:47:39 GMT","time.struct_time(tm_year=2017, tm_mon=6, tm_mday=24, tm_hour=2, tm_min=47, tm_sec=39, tm_wday=5, tm_yday=175, tm_isdst=0)","Nico Hischier, right, and Commissioner Gary Bettman after the Devils selected Hischier with the first overall pick in the N.H.L. draft.","{'type': 'text/html', 'language': None, 'base': 'http://rss.nytimes.com/services/xml/rss/nyt/HomePage.xml', 'value': 'Nico Hischier, right, and Commissioner Gary Bettman after the Devils selected Hischier with the first overall pick in the N.H.L. draft.'}","[{'term': 'Hockey, Ice', 'scheme': 'http://www.nytimes.com/namespaces/keywords/des', 'label': None}, {'term': 'Draft and Recruitment (Sports)', 'scheme': 'http://www.nytimes.com/namespaces/keywords/des', 'label': None}, {'term': 'New Jersey Devils', 'scheme': 'http://www.nytimes.com/namespaces/keywords/nyt_org_all', 'label': None}, {'term': 'Hischier, Nico (1999- )', 'scheme': 'http://www.nytimes.com/namespaces/keywords/nyt_per', 'label': None}, {'term': 'Vegas Golden Knights', 'scheme': 'http://www.nytimes.com/namespaces/keywords/nyt_org_all', 'label': None}, {'term': 'Glass, Cody (1999- )', 'scheme': 'http://www.nytimes.com/namespaces/keywords/nyt_per', 'label': None}]","Devils Take Nico Hischier No. 1, Defying N.H.L. Draft Predictions","{'type': 'text/plain', 'language': None, 'base': 'http://rss.nytimes.com/services/xml/rss/nyt/HomePage.xml', 'value': 'Devils Take Nico Hischier No. 1, Defying N.H.L. Draft Predictions'}"
BEN WIDDICOMBE,{'name': 'BEN WIDDICOMBE'},[{'name': 'BEN WIDDICOMBE'}],"[{'type': 'text/plain', 'language': None, 'base': 'http://rss.nytimes.com/services/xml/rss/nyt/HomePage.xml', 'value': 'When Larry Milstein, 22, and his sister Toby, 24, are not hobnobbing on the young socialite circuit, they hold séances in their family’s apartment.'}]",Nina Westervelt for The New York Times,False,https://www.nytimes.com/2017/06/24/fashion/larry-toby-milstein-leonard-bernstein-ghost.html,https://www.nytimes.com/2017/06/24/fashion/larry-toby-milstein-leonard-bernstein-ghost.html?partner=rss&emc=rss,"[{'rel': 'alternate', 'type': 'text/html', 'href': 'https://www.nytimes.com/2017/06/24/fashion/larry-toby-milstein-leonard-bernstein-ghost.html?partner=rss&emc=rss'}, {'rel': 'standout', 'href': 'https://www.nytimes.com/2017/06/24/fashion/larry-toby-milstein-leonard-bernstein-ghost.html?partner=rss&emc=rss', 'type': 'text/html'}]","[{'url': 'https://static01.nyt.com/images/2017/06/25/fashion/25SEANCE/25SEANCE-moth.jpg', 'medium': 'image', 'height': '151', 'width': '151'}]",[{'content': 'Nina Westervelt for The New York Times'}],35.25%,"Sat, 24 Jun 2017 10:00:16 GMT","time.struct_time(tm_year=2017, tm_mon=6, tm_mday=24, tm_hour=10, tm_min=0, tm_sec=16, tm_wday=5, tm_yday=175, tm_isdst=0)","Toby Milstein and her brother Larry Milstein, holding candelabra, preparing to host a séance in their family’s apartment on Central Park West.","{'type': 'text/html', 'language': None, 'base': 'http://rss.nytimes.com/services/xml/rss/nyt/HomePage.xml', 'value': 'Toby Milstein and her brother Larry Milstein, holding candelabra, preparing to host a séance in their family’s apartment on Central Park West.'}","[{'term': 'Philanthropy', 'scheme': 'http://www.nytimes.com/namespaces/keywords/mdes', 'label': None}, {'term': 'Ghosts', 'scheme': 'http://www.nytimes.com/namespaces/keywords/mdes', 'label': None}, {'term': 'Dakota (Manhattan, NY, Apartments)', 'scheme': 'http://www.nytimes.com/namespaces/keywords/nyt_org_all', 'label': None}, {'term': 'Milstein, Laurence R (1995- )', 'scheme': 'http://www.nytimes.com/namespaces/keywords/nyt_per', 'label': None}, {'term': 'Milstein, Toby A (1992- )', 'scheme': 'http://www.nytimes.com/namespaces/keywords/nyt_per', 'label': None}]",Young Socialites Conjure the Ghost of Leonard Bernstein at the Dakota,"{'type': 'text/plain', 'language': None, 'base': 'http://rss.nytimes.com/services/xml/rss/nyt/HomePage.xml', 'value': 'Young Socialites Conjure the Ghost of Leonard Bernstein at the Dakota'}"
,,[{}],"[{'type': 'text/plain', 'language': None, 'base': 'http://rss.nytimes.com/services/xml/rss/nyt/HomePage.xml', 'value': 'The author of “Modern Lovers” keeps her youth on a shelf: “There are books I loved in my teens and 20s that I would not love now, but it’s still nice to see them there, as a reminder of a person I used to be.”'}]",Illustration by Jillian Tamaki,False,https://www.nytimes.com/2017/06/22/books/review/emma-straub-by-the-book.html,https://www.nytimes.com/2017/06/22/books/review/emma-straub-by-the-book.html?partner=rss&emc=rss,"[{'rel': 'alternate', 'type': 'text/html', 'href': 'https://www.nytimes.com/2017/06/22/books/review/emma-straub-by-the-book.html?partner=rss&emc=rss'}, {'rel': 'standout', 'href': 'https://www.nytimes.com/2017/06/22/books/review/emma-straub-by-the-book.html?partner=rss&emc=rss', 'type': 'text/html'}]","[{'url': 'https://static01.nyt.com/images/2017/06/25/books/review/0625-BKS-ByTheBook/0625-BKS-ByTheBook-moth.jpg', 'medium': 'image', 'height': '151', 'width': '151'}]",[{'content': 'Illustration by Jillian Tamaki'}],25.34%,"Thu, 22 Jun 2017 09:00:24 GMT","time.struct_time(tm_year=2017, tm_mon=6, tm_mday=22, tm_hour=9, tm_min=0, tm_sec=24, tm_wday=3, tm_yday=173, tm_isdst=0)",Emma Straub,"{'type': 'text/html', 'language': None, 'base': 'http://rss.nytimes.com/services/xml/rss/nyt/HomePage.xml', 'value': 'Emma Straub'}","[{'term': 'Books and Literature', 'scheme': 'http://www.nytimes.com/namespaces/keywords/des', 'label': None}, {'term': 'Straub, Emma', 'scheme': 'http://www.nytimes.com/namespaces/keywords/nyt_per', 'label': None}]",By the Book: Emma Straub: By the Book,"{'type': 'text/plain', 'language': None, 'base': 'http://rss.nytimes.com/services/xml/rss/nyt/HomePage.xml', 'value': 'By the Book: Emma Straub: By the Book'}"
